strictness,BM-IT,BM-TH,ST-IT,ST-TH
STR,0.03489470025578425,0.040404603428559484,0.03221505212436425,0.03511100962039512
MOD,0.06432992339704426,0.07001899516584827,0.05780670389106921,0.061794367728704225
LOO,0.08603201175177957,0.09108521746609433,0.08284524399389306,0.09453284405502642
