strictness,BM-IT,BM-TH,ST-IT,ST-TH
STR,0.04142422266346292,0.04412800181801988,0.03866572392475397,0.03776427445955084
MOD,0.10962457604895175,0.10710289273316369,0.10931817179046219,0.10542202046550334
LOO,0.16399280683271647,0.1692234757083038,0.16853482649201726,0.16966539926498136
