strictness,BM-IT,BM-TH,ST-IT,ST-TH
STR,0.044269064289589224,0.04821720988534709,0.05086702469991017,0.05323602811588561
MOD,0.08087203127353368,0.08316818837399036,0.09026044576954931,0.09291252344250608
LOO,0.10770562641329855,0.10812466323579033,0.12891108505685026,0.14187853727250324
