strictness,BM-IT,BM-TH,ST-IT,ST-TH
STR,0.4511474703159907,0.42377914588045484,0.31287091982775356,0.2961284537544931
MOD,0.9370182131134095,0.8394990593605381,0.8575876500063749,0.7501180845910773
LOO,1.4088826484304033,1.307805920906698,1.314614468278894,1.1682668482131173
