strictness,BM-IT,BM-TH,ST-IT,ST-TH
STR,0.032634685585032144,0.036677127417697,0.024598938973866388,0.025088945716958865
MOD,0.08784239530025444,0.09089687423276324,0.07022265399319845,0.07038158276641392
LOO,0.13223354760405506,0.1434621253447536,0.10886502912647511,0.11378668735885614
