strictness,BM-IT,BM-TH,ST-IT,ST-TH
STR,0.06006943827943001,0.059996130496555666,0.12259186460691533,0.11222382008938567
MOD,0.1053222504876881,0.10334061776808774,0.2140835328243607,0.19516142980442194
LOO,0.1425671882444259,0.1363355787702542,0.30176021658177116,0.2955195079087211
