strictness,BM-IT,BM-TH,ST-IT,ST-TH
STR,0.061274832497754596,0.06063157360705749,0.12407885538430471,0.11302872073094475
MOD,0.11040714326081809,0.10390716898690089,0.21516429933425824,0.1940123625877097
LOO,0.14602211706785367,0.1353451835058242,0.30356746055043315,0.2944589223379056
