strictness,BM-IT,BM-TH,ST-IT,ST-TH
STR,0.4504715547663622,0.42498832031059075,0.3198570892844687,0.2866229275475127
MOD,0.9249254928730026,0.8743337173940187,0.8726957100150642,0.7834349359597369
LOO,1.4406057345413885,1.3566946230814831,1.3389013331478967,1.20228861468916
