strictness,BM-IT,BM-TH,ST-IT,ST-TH
STR,0.02483601341742588,0.02824817711583294,0.03231793613751031,0.03455082648942241
MOD,0.09510284036671394,0.10161733478375636,0.09783049194162917,0.10764831750205685
LOO,0.15472959225637964,0.17063983505750852,0.14558576988160196,0.17008738070166385
