strictness,BM-IT,BM-TH,ST-IT,ST-TH
STR,0.6732033225134405,0.6533733231538518,0.6085992678634543,0.6335193531305756
MOD,1.633006661490482,1.5982775823765325,1.4688353922938415,1.4877656969052009
LOO,2.5773651272484965,2.5847416295517114,2.273391106716271,2.355286222576451
