strictness,BM-IT,BM-TH,ST-IT,ST-TH
STR,0.7231655746345611,0.6566893428659171,0.6011322541508818,0.701870329695506
MOD,1.77012761232266,1.8462100068419385,1.8239962775211092,1.632257838263956
LOO,2.9408813735094133,2.7835570931279987,2.903894357866528,2.8261661048483107
