strictness,BM-IT,BM-TH,ST-IT,ST-TH
STR,0.025916121144417742,0.03221513402943483,0.03640867097830555,0.04668304834721944
MOD,0.0639818462102047,0.06884739387121622,0.07561107651263765,0.08729605621160648
LOO,0.09586317791516832,0.10433970489516028,0.10893598160994321,0.13148885465186116
