strictness,BM-IT,BM-TH,ST-IT,ST-TH
STR,0.020342141077877428,0.026683894042704652,0.023250571791770674,0.03106834907218678
MOD,0.0502256097385163,0.057074646951986045,0.04849712725650728,0.05831184427971055
LOO,0.07514017406552452,0.08656882015085017,0.06988783250251004,0.08762660467160852
