strictness,BM-IT,BM-TH,ST-IT,ST-TH
STR,0.0126482208733022,0.0153964583365329,0.021720968638427,0.0283333328813361
MOD,0.1092636574869998,0.1109399070721864,0.1088777214929785,0.1068447407839442
LOO,0.2115384610718226,0.1975116635990726,0.2035623405221313,0.2039082408473857
