strictness,BM-IT,BM-TH,ST-IT,ST-TH
STR,0.03641025907504683,0.04176551866745705,0.0889089531725703,0.09905329525038915
MOD,0.09134874837634242,0.09005201719462654,0.1837394112455832,0.18332041162055446
LOO,0.1370678343784379,0.1356754692501345,0.2611003611064626,0.277322421763618
