strictness,BM-IT,BM-TH,ST-IT,ST-TH
STR,0.020054886740744758,0.026379216456166525,0.023325200849850857,0.03128374113509576
MOD,0.05038992572852972,0.05726501901892766,0.04883517072560753,0.05855530977382229
LOO,0.07512896426881527,0.0864094720398867,0.06970213671825404,0.08767121415321023
