strictness,BM-IT,BM-TH,ST-IT,ST-TH
STR,0.019505792932374946,0.023347334080772556,0.020766390604610552,0.02312774293918416
MOD,0.07471795679476666,0.08453733238259752,0.06305370952767779,0.07225988506636023
LOO,0.12141316042627442,0.141767483113556,0.09376816351949012,0.11398462806677456
