strictness,BM-IT,BM-TH,ST-IT,ST-TH
STR,0.42568616318532276,0.40509158008288393,0.3401121584023666,0.306110460069027
MOD,1.0253834802228685,0.928529650018209,0.8942339673972692,0.8189919743868217
LOO,1.5233804041791947,1.4403735187274027,1.2831223751875245,1.201465435692213
