strictness,BM-IT,BM-TH,ST-IT,ST-TH
STR,0.03528074268706,0.03692501549914105,0.07713108043549728,0.07212013464152117
MOD,0.13491125472328636,0.1315446669442728,0.2317241015102913,0.22268538386079395
LOO,0.22013848615613724,0.22158211836424774,0.3456048773215983,0.35358919593023497
