strictness,BM-IT,BM-TH,ST-IT,ST-TH
STR,0.03685986216206758,0.04198821699062272,0.08862184463258597,0.09898052776036326
MOD,0.090917966521774,0.08953327359705525,0.18203835384627545,0.183255881668089
LOO,0.1365512486109406,0.1357279401759688,0.26218756019882494,0.278325833632114
