strictness,BM-IT,BM-TH,ST-IT,ST-TH
STR,0.03434666810539162,0.031588930373896026,0.037676293345016876,0.04037659246326783
MOD,0.1137306203732405,0.091566446410514,0.11164579461998134,0.09930428057907674
LOO,0.1511718602237785,0.13834823170719118,0.17151644120794407,0.16702442940176054
