strictness,BM-IT,BM-TH,ST-IT,ST-TH
STR,0.027332966927522274,0.024056565863016445,0.03550986415748292,0.03373750502410998
MOD,0.08715297262620701,0.06826660881777541,0.0975947714470941,0.08097508287863066
LOO,0.12137113891937713,0.10836467954480553,0.14729664659992805,0.14041839644375947
