strictness,BM-IT,BM-TH,ST-IT,ST-TH
STR,0.04952724899392777,0.047800286514229656,0.049992384108353445,0.05722330355188335
MOD,0.1814212224418742,0.15209814936345104,0.1602467841037215,0.15457028606338247
LOO,0.23820470035547728,0.22347703014525347,0.23473412140339353,0.2424791811142847
