strictness,BM-IT,BM-TH,ST-IT,ST-TH
STR,0.051149963656326305,0.047773075014124484,0.05409730799364555,0.05695742381395961
MOD,0.1820039459972679,0.15177230760726432,0.16556956472396223,0.1552095663226967
LOO,0.24715483085690992,0.23146826307761686,0.23685208573530758,0.24695293808924476
