strictness,BM-IT,BM-TH,ST-IT,ST-TH
STR,0.6477493398385523,0.4877917063604498,0.6856618729234858,0.5690882291907616
MOD,1.7312948397223527,1.7407799062057208,1.601337163854383,1.6798060596616782
LOO,2.5917915758530077,2.5703366414512834,2.1777267202222554,2.406922964450909
