strictness,BM-IT,BM-TH,ST-IT,ST-TH
STR,0.016231486892648597,0.011821708353231816,0.03033326014779201,0.022596971878591016
MOD,0.14374047564035947,0.11777278954141708,0.16740680590569165,0.14233961392552794
LOO,0.22924219848839247,0.18962827895233336,0.22266470873383173,0.21116624908651013
