strictness,BM-IT,BM-TH,ST-IT,ST-TH
STR,0.6057462703006313,0.4877917063604498,0.6856618729234858,0.5690882291907616
MOD,1.7419288548401408,1.7407799062057208,1.601337163854383,1.6798060596616782
LOO,2.5851138025022746,2.5703366414512834,2.1777267202222554,2.406922964450909
