strictness,BM-IT,BM-TH,ST-IT,ST-TH
STR,0.026970618549199084,0.02429547477313691,0.03287934747536424,0.03349591809917932
MOD,0.08706109749431447,0.06855698748830605,0.09451536388712302,0.08030929267037244
LOO,0.11600155593519576,0.10465487348814599,0.1467641857493948,0.13772274517617797
