strictness,BM-IT,BM-TH,ST-IT,ST-TH
STR,0.46900092802435833,0.3991682550175822,0.4981162010525558,0.4862098375765056
MOD,1.0942981197371748,0.9461729673146496,1.0122133230618364,0.9362054689459242
LOO,1.3356533653864582,1.2800126498469664,1.2414084521846767,1.21976460097045
