strictness,BM-IT,BM-TH,ST-IT,ST-TH
STR,0.011732143929571458,0.006710665159875881,0.022807729134883693,0.014997814373571002
MOD,0.09174655733019832,0.07112149127196137,0.11936185352651911,0.09372590565178208
LOO,0.1489987808340322,0.11578444930071734,0.16045527433050072,0.14467662225696326
