strictness,BM-IT,BM-TH,ST-IT,ST-TH
STR,0.47044142436468195,0.649852297293952,0.6414696405515304,0.5882661656193379
MOD,1.7624498840239,1.7974541141225966,1.605410759866148,1.6681790969845103
LOO,2.470998962592013,2.3754174705514677,2.171119163080881,2.263958881996752
