strictness,BM-IT,BM-TH,ST-IT,ST-TH
STR,0.00790973198784938,0.009771419411231082,0.019431131799908817,0.014709815912088546
MOD,0.08163955720285522,0.07077444387058265,0.10153109899724716,0.08086864048718062
LOO,0.11823026195583972,0.09966658237994985,0.13896092382979058,0.11632363797575758
