strictness,BM-IT,BM-TH,ST-IT,ST-TH
STR,0.008806263354743911,0.004978897238943144,0.019362288212622807,0.011886489913775795
MOD,0.07251374291549091,0.05376219983999765,0.10350092832762052,0.07702525164124249
LOO,0.11559074463904855,0.08769338172632801,0.13841147436596618,0.1199464223310783
