strictness,BM-IT,BM-TH,ST-IT,ST-TH
STR,0.03500945725511769,0.0313907097635918,0.0408866052369971,0.04052846859228064
MOD,0.11388044023725534,0.09123938695633776,0.11558031440444226,0.10007294640731586
LOO,0.15771961341385243,0.14349170367858172,0.17263584516733485,0.17030467500191562
